-- MySQL dump 10.13  Distrib 8.0.36, for Win64 (x86_64)
--
-- Host: localhost    Database: cinema_site
-- ------------------------------------------------------
-- Server version	8.4.0

/*!40101 SET @OLD_CHARACTER_SET_CLIENT=@@CHARACTER_SET_CLIENT */;
/*!40101 SET @OLD_CHARACTER_SET_RESULTS=@@CHARACTER_SET_RESULTS */;
/*!40101 SET @OLD_COLLATION_CONNECTION=@@COLLATION_CONNECTION */;
/*!50503 SET NAMES utf8 */;
/*!40103 SET @OLD_TIME_ZONE=@@TIME_ZONE */;
/*!40103 SET TIME_ZONE='+00:00' */;
/*!40014 SET @OLD_UNIQUE_CHECKS=@@UNIQUE_CHECKS, UNIQUE_CHECKS=0 */;
/*!40014 SET @OLD_FOREIGN_KEY_CHECKS=@@FOREIGN_KEY_CHECKS, FOREIGN_KEY_CHECKS=0 */;
/*!40101 SET @OLD_SQL_MODE=@@SQL_MODE, SQL_MODE='NO_AUTO_VALUE_ON_ZERO' */;
/*!40111 SET @OLD_SQL_NOTES=@@SQL_NOTES, SQL_NOTES=0 */;

--
-- Table structure for table `bookings`
--

DROP TABLE IF EXISTS `bookings`;
/*!40101 SET @saved_cs_client     = @@character_set_client */;
/*!50503 SET character_set_client = utf8mb4 */;
CREATE TABLE `bookings` (
  `id` int NOT NULL AUTO_INCREMENT,
  `user_id` int DEFAULT NULL,
  `ticket_id` int DEFAULT NULL,
  `booking_time` timestamp NULL DEFAULT CURRENT_TIMESTAMP,
  PRIMARY KEY (`id`),
  KEY `user_id` (`user_id`),
  KEY `ticket_id` (`ticket_id`),
  CONSTRAINT `bookings_ibfk_1` FOREIGN KEY (`user_id`) REFERENCES `users` (`id`),
  CONSTRAINT `bookings_ibfk_2` FOREIGN KEY (`ticket_id`) REFERENCES `tickets` (`id`)
) ENGINE=InnoDB AUTO_INCREMENT=40 DEFAULT CHARSET=utf8mb4 COLLATE=utf8mb4_general_ci;
/*!40101 SET character_set_client = @saved_cs_client */;

--
-- Dumping data for table `bookings`
--

LOCK TABLES `bookings` WRITE;
/*!40000 ALTER TABLE `bookings` DISABLE KEYS */;
INSERT INTO `bookings` VALUES (1,1,283,'2024-05-14 17:56:34'),(2,1,284,'2024-05-14 17:56:34'),(3,1,285,'2024-05-14 17:56:34'),(4,1,295,'2024-05-14 17:59:04'),(5,1,296,'2024-05-14 17:59:04'),(6,1,297,'2024-05-14 17:59:04'),(7,1,287,'2024-05-14 18:02:11'),(8,1,288,'2024-05-14 18:02:11'),(9,1,256,'2024-05-14 18:25:35'),(10,1,257,'2024-05-14 18:25:35'),(11,1,258,'2024-05-14 18:25:35'),(12,1,259,'2024-05-14 18:25:35'),(13,1,965,'2024-05-14 18:27:32'),(14,1,966,'2024-05-14 18:27:32'),(15,1,967,'2024-05-14 18:27:32'),(16,1,978,'2024-05-14 21:18:41'),(17,1,989,'2024-05-14 21:18:41'),(18,1,988,'2024-05-14 21:18:41'),(19,1,46,'2024-05-14 21:19:36'),(20,1,47,'2024-05-14 21:19:36'),(21,1,48,'2024-05-14 21:19:36'),(22,2,1115,'2024-05-15 16:27:31'),(23,2,1116,'2024-05-15 16:27:31'),(24,3,298,'2024-05-15 16:51:19'),(25,3,299,'2024-05-15 16:51:19'),(26,3,300,'2024-05-15 16:51:19'),(27,4,960,'2024-05-15 16:58:17'),(28,4,959,'2024-05-15 16:58:17'),(29,4,958,'2024-05-15 16:58:17'),(30,4,957,'2024-05-15 16:58:17'),(31,4,956,'2024-05-15 16:58:17'),(32,4,955,'2024-05-15 16:58:17'),(33,4,954,'2024-05-15 16:58:17'),(34,4,952,'2024-05-15 16:58:17'),(35,4,953,'2024-05-15 16:58:17'),(36,4,951,'2024-05-15 16:58:17'),(37,4,54,'2024-05-15 18:04:26'),(38,4,43,'2024-05-15 18:04:26'),(39,4,32,'2024-05-15 18:04:27');
/*!40000 ALTER TABLE `bookings` ENABLE KEYS */;
UNLOCK TABLES;

--
-- Table structure for table `contact_us`
--

DROP TABLE IF EXISTS `contact_us`;
/*!40101 SET @saved_cs_client     = @@character_set_client */;
/*!50503 SET character_set_client = utf8mb4 */;
CREATE TABLE `contact_us` (
  `id` int NOT NULL AUTO_INCREMENT,
  `name` varchar(255) NOT NULL,
  `email` varchar(255) NOT NULL,
  `message` text NOT NULL,
  `created_at` timestamp NULL DEFAULT CURRENT_TIMESTAMP,
  PRIMARY KEY (`id`)
) ENGINE=InnoDB AUTO_INCREMENT=12 DEFAULT CHARSET=utf8mb4 COLLATE=utf8mb4_general_ci;
/*!40101 SET character_set_client = @saved_cs_client */;

--
-- Dumping data for table `contact_us`
--

LOCK TABLES `contact_us` WRITE;
/*!40000 ALTER TABLE `contact_us` DISABLE KEYS */;
/*!40000 ALTER TABLE `contact_us` ENABLE KEYS */;
UNLOCK TABLES;

--
-- Table structure for table `movies`
--

DROP TABLE IF EXISTS `movies`;
/*!40101 SET @saved_cs_client     = @@character_set_client */;
/*!50503 SET character_set_client = utf8mb4 */;
CREATE TABLE `movies` (
  `id` int NOT NULL AUTO_INCREMENT,
  `title` varchar(100) DEFAULT NULL,
  `genre` varchar(50) DEFAULT NULL,
  `release_date` date DEFAULT NULL,
  `poster` varchar(255) DEFAULT NULL,
  PRIMARY KEY (`id`)
) ENGINE=InnoDB AUTO_INCREMENT=13 DEFAULT CHARSET=utf8mb4 COLLATE=utf8mb4_general_ci;
/*!40101 SET character_set_client = @saved_cs_client */;

--
-- Dumping data for table `movies`
--

LOCK TABLES `movies` WRITE;
/*!40000 ALTER TABLE `movies` DISABLE KEYS */;
INSERT INTO `movies` VALUES (1,'Kingdom of the Planet of the Apes','Action','2024-01-01','images/kingdom_of_the_planet_of_the_apes.jpg'),(2,'Godzilla x Kong: The New Empire','Action','2024-02-01','images/godzilla_x_kong.jpg'),(3,'Ghostbusters: Frozen Empire','Comedy','2024-03-01','images/ghostbusters_frozen_empire.jpeg'),(4,'Abigail','Fantasy','2024-04-01','images/abigail.jpg'),(5,'Al Serb','Action','2024-05-01','images/alserb.jpg'),(6,'WINNIE THE POOH: BLOOD & HONEY 2','Horror','2024-05-02','images/winnie.jpg'),(7,'DRAGONKEEPER','Animation','2024-06-06','images/dragonkeeper.jpg'),(8,'THE WATCHERS','Thriller','2024-06-13','images/thewatchers.jpg'),(9,'WELAD RIZK 3','Comedy','2024-06-13','images/weladrizk.jpg'),(10,'BAD BOYS 4','Action','2024-06-06','images/badboys.jpg'),(11,'DEADPOOL & WOLVERINE','Action','2024-07-25','images/deadpoolandwolverine.jpg'),(12,'TAROT','Horror','2024-05-30','images/tarot.jpg');
/*!40000 ALTER TABLE `movies` ENABLE KEYS */;
UNLOCK TABLES;

--
-- Table structure for table `seats`
--

DROP TABLE IF EXISTS `seats`;
/*!40101 SET @saved_cs_client     = @@character_set_client */;
/*!50503 SET character_set_client = utf8mb4 */;
CREATE TABLE `seats` (
  `id` int NOT NULL AUTO_INCREMENT,
  `seat_number` varchar(10) DEFAULT NULL,
  `is_available` tinyint(1) DEFAULT '1',
  PRIMARY KEY (`id`)
) ENGINE=InnoDB AUTO_INCREMENT=1441 DEFAULT CHARSET=utf8mb4 COLLATE=utf8mb4_general_ci;
/*!40101 SET character_set_client = @saved_cs_client */;

--
-- Dumping data for table `seats`
--

LOCK TABLES `seats` WRITE;
/*!40000 ALTER TABLE `seats` DISABLE KEYS */;
INSERT INTO `seats` VALUES (1,'1',1),(2,'2',1),(3,'3',1),(4,'4',1),(5,'5',1),(6,'6',1),(7,'7',1),(8,'8',1),(9,'9',1),(10,'10',1),(11,'11',1),(12,'12',1),(13,'13',1),(14,'14',1),(15,'15',1),(16,'16',1),(17,'17',1),(18,'18',1),(19,'19',1),(20,'20',1),(21,'21',1),(22,'22',1),(23,'23',1),(24,'24',1),(25,'25',1),(26,'26',1),(27,'27',1),(28,'28',1),(29,'29',1),(30,'30',1),(31,'31',1),(32,'32',0),(33,'33',1),(34,'34',1),(35,'35',1),(36,'36',1),(37,'37',1),(38,'38',1),(39,'39',1),(40,'40',1),(41,'41',1),(42,'42',1),(43,'43',0),(44,'44',1),(45,'45',1),(46,'46',0),(47,'47',0),(48,'48',0),(49,'49',1),(50,'50',1),(51,'51',1),(52,'52',1),(53,'53',1),(54,'54',0),(55,'55',1),(56,'56',1),(57,'57',1),(58,'58',1),(59,'59',1),(60,'60',1),(61,'61',1),(62,'62',1),(63,'63',1),(64,'64',1),(65,'65',1),(66,'66',1),(67,'67',1),(68,'68',1),(69,'69',1),(70,'70',1),(71,'71',1),(72,'72',1),(73,'73',1),(74,'74',1),(75,'75',1),(76,'76',1),(77,'77',1),(78,'78',1),(79,'79',1),(80,'80',1),(81,'1',1),(82,'2',1),(83,'3',1),(84,'4',1),(85,'5',1),(86,'6',1),(87,'7',1),(88,'8',1),(89,'9',1),(90,'10',1),(91,'11',1),(92,'12',1),(93,'13',1),(94,'14',1),(95,'15',1),(96,'16',1),(97,'17',1),(98,'18',1),(99,'19',1),(100,'20',1),(101,'21',1),(102,'22',1),(103,'23',1),(104,'24',1),(105,'25',1),(106,'26',1),(107,'27',1),(108,'28',1),(109,'29',1),(110,'30',1),(111,'31',1),(112,'32',1),(113,'33',1),(114,'34',1),(115,'35',1),(116,'36',1),(117,'37',1),(118,'38',1),(119,'39',1),(120,'40',1),(121,'41',1),(122,'42',1),(123,'43',1),(124,'44',1),(125,'45',1),(126,'46',1),(127,'47',1),(128,'48',1),(129,'49',1),(130,'50',1),(131,'51',1),(132,'52',1),(133,'53',1),(134,'54',1),(135,'55',1),(136,'56',1),(137,'57',1),(138,'58',1),(139,'59',1),(140,'60',1),(141,'61',1),(142,'62',1),(143,'63',1),(144,'64',1),(145,'65',1),(146,'66',1),(147,'67',1),(148,'68',1),(149,'69',1),(150,'70',1),(151,'71',1),(152,'72',1),(153,'73',1),(154,'74',1),(155,'75',1),(156,'76',1),(157,'77',1),(158,'78',1),(159,'79',1),(160,'80',1),(161,'1',1),(162,'2',1),(163,'3',1),(164,'4',1),(165,'5',1),(166,'6',1),(167,'7',1),(168,'8',1),(169,'9',1),(170,'10',1),(171,'11',1),(172,'12',1),(173,'13',1),(174,'14',1),(175,'15',1),(176,'16',1),(177,'17',1),(178,'18',1),(179,'19',1),(180,'20',1),(181,'21',1),(182,'22',1),(183,'23',1),(184,'24',1),(185,'25',1),(186,'26',1),(187,'27',1),(188,'28',1),(189,'29',1),(190,'30',1),(191,'31',1),(192,'32',1),(193,'33',1),(194,'34',1),(195,'35',1),(196,'36',1),(197,'37',1),(198,'38',1),(199,'39',1),(200,'40',1),(201,'41',1),(202,'42',1),(203,'43',1),(204,'44',1),(205,'45',1),(206,'46',1),(207,'47',1),(208,'48',1),(209,'49',1),(210,'50',1),(211,'51',1),(212,'52',1),(213,'53',1),(214,'54',1),(215,'55',1),(216,'56',1),(217,'57',1),(218,'58',1),(219,'59',1),(220,'60',1),(221,'61',1),(222,'62',1),(223,'63',1),(224,'64',1),(225,'65',1),(226,'66',1),(227,'67',1),(228,'68',1),(229,'69',1),(230,'70',1),(231,'71',1),(232,'72',1),(233,'73',1),(234,'74',1),(235,'75',1),(236,'76',1),(237,'77',1),(238,'78',1),(239,'79',1),(240,'80',1),(241,'1',1),(242,'2',1),(243,'3',1),(244,'4',1),(245,'5',1),(246,'6',1),(247,'7',1),(248,'8',1),(249,'9',1),(250,'10',1),(251,'11',1),(252,'12',1),(253,'13',1),(254,'14',1),(255,'15',1),(256,'16',0),(257,'17',0),(258,'18',0),(259,'19',0),(260,'20',1),(261,'21',1),(262,'22',1),(263,'23',1),(264,'24',1),(265,'25',1),(266,'26',1),(267,'27',1),(268,'28',1),(269,'29',1),(270,'30',1),(271,'31',1),(272,'32',1),(273,'33',1),(274,'34',1),(275,'35',1),(276,'36',1),(277,'37',1),(278,'38',1),(279,'39',1),(280,'40',1),(281,'41',1),(282,'42',1),(283,'43',0),(284,'44',0),(285,'45',0),(286,'46',1),(287,'47',0),(288,'48',0),(289,'49',1),(290,'50',1),(291,'51',1),(292,'52',1),(293,'53',1),(294,'54',1),(295,'55',0),(296,'56',0),(297,'57',0),(298,'58',0),(299,'59',0),(300,'60',0),(301,'61',1),(302,'62',1),(303,'63',1),(304,'64',1),(305,'65',1),(306,'66',1),(307,'67',1),(308,'68',1),(309,'69',1),(310,'70',1),(311,'71',1),(312,'72',1),(313,'73',1),(314,'74',1),(315,'75',1),(316,'76',1),(317,'77',1),(318,'78',1),(319,'79',1),(320,'80',1),(321,'1',1),(322,'2',1),(323,'3',1),(324,'4',1),(325,'5',1),(326,'6',1),(327,'7',1),(328,'8',1),(329,'9',1),(330,'10',1),(331,'11',1),(332,'12',1),(333,'13',1),(334,'14',1),(335,'15',1),(336,'16',1),(337,'17',1),(338,'18',1),(339,'19',1),(340,'20',1),(341,'21',1),(342,'22',1),(343,'23',1),(344,'24',1),(345,'25',1),(346,'26',1),(347,'27',1),(348,'28',1),(349,'29',1),(350,'30',1),(351,'31',1),(352,'32',1),(353,'33',1),(354,'34',1),(355,'35',1),(356,'36',1),(357,'37',1),(358,'38',1),(359,'39',1),(360,'40',1),(361,'41',1),(362,'42',1),(363,'43',1),(364,'44',1),(365,'45',1),(366,'46',1),(367,'47',1),(368,'48',1),(369,'49',1),(370,'50',1),(371,'51',1),(372,'52',1),(373,'53',1),(374,'54',1),(375,'55',1),(376,'56',1),(377,'57',1),(378,'58',1),(379,'59',1),(380,'60',1),(381,'61',1),(382,'62',1),(383,'63',1),(384,'64',1),(385,'65',1),(386,'66',1),(387,'67',1),(388,'68',1),(389,'69',1),(390,'70',1),(391,'71',1),(392,'72',1),(393,'73',1),(394,'74',1),(395,'75',1),(396,'76',1),(397,'77',1),(398,'78',1),(399,'79',1),(400,'80',1),(401,'1',1),(402,'2',1),(403,'3',1),(404,'4',1),(405,'5',1),(406,'6',1),(407,'7',1),(408,'8',1),(409,'9',1),(410,'10',1),(411,'11',1),(412,'12',1),(413,'13',1),(414,'14',1),(415,'15',1),(416,'16',1),(417,'17',1),(418,'18',1),(419,'19',1),(420,'20',1),(421,'21',1),(422,'22',1),(423,'23',1),(424,'24',1),(425,'25',1),(426,'26',1),(427,'27',1),(428,'28',1),(429,'29',1),(430,'30',1),(431,'31',1),(432,'32',1),(433,'33',1),(434,'34',1),(435,'35',1),(436,'36',1),(437,'37',1),(438,'38',1),(439,'39',1),(440,'40',1),(441,'41',1),(442,'42',1),(443,'43',1),(444,'44',1),(445,'45',1),(446,'46',1),(447,'47',1),(448,'48',1),(449,'49',1),(450,'50',1),(451,'51',1),(452,'52',1),(453,'53',1),(454,'54',1),(455,'55',1),(456,'56',1),(457,'57',1),(458,'58',1),(459,'59',1),(460,'60',1),(461,'61',1),(462,'62',1),(463,'63',1),(464,'64',1),(465,'65',1),(466,'66',1),(467,'67',1),(468,'68',1),(469,'69',1),(470,'70',1),(471,'71',1),(472,'72',1),(473,'73',1),(474,'74',1),(475,'75',1),(476,'76',1),(477,'77',1),(478,'78',1),(479,'79',1),(480,'80',1),(481,'1',1),(482,'2',1),(483,'3',1),(484,'4',1),(485,'5',1),(486,'6',1),(487,'7',1),(488,'8',1),(489,'9',1),(490,'10',1),(491,'11',1),(492,'12',1),(493,'13',1),(494,'14',1),(495,'15',1),(496,'16',1),(497,'17',1),(498,'18',1),(499,'19',1),(500,'20',1),(501,'21',1),(502,'22',1),(503,'23',1),(504,'24',1),(505,'25',1),(506,'26',1),(507,'27',1),(508,'28',1),(509,'29',1),(510,'30',1),(511,'31',1),(512,'32',1),(513,'33',1),(514,'34',1),(515,'35',1),(516,'36',1),(517,'37',1),(518,'38',1),(519,'39',1),(520,'40',1),(521,'41',1),(522,'42',1),(523,'43',1),(524,'44',1),(525,'45',1),(526,'46',1),(527,'47',1),(528,'48',1),(529,'49',1),(530,'50',1),(531,'51',1),(532,'52',1),(533,'53',1),(534,'54',1),(535,'55',1),(536,'56',1),(537,'57',1),(538,'58',1),(539,'59',1),(540,'60',1),(541,'61',1),(542,'62',1),(543,'63',1),(544,'64',1),(545,'65',1),(546,'66',1),(547,'67',1),(548,'68',1),(549,'69',1),(550,'70',1),(551,'71',1),(552,'72',1),(553,'73',1),(554,'74',1),(555,'75',1),(556,'76',1),(557,'77',1),(558,'78',1),(559,'79',1),(560,'80',1),(561,'1',1),(562,'2',1),(563,'3',1),(564,'4',1),(565,'5',1),(566,'6',1),(567,'7',1),(568,'8',1),(569,'9',1),(570,'10',1),(571,'11',1),(572,'12',1),(573,'13',1),(574,'14',1),(575,'15',1),(576,'16',1),(577,'17',1),(578,'18',1),(579,'19',1),(580,'20',1),(581,'21',1),(582,'22',1),(583,'23',1),(584,'24',1),(585,'25',1),(586,'26',1),(587,'27',1),(588,'28',1),(589,'29',1),(590,'30',1),(591,'31',1),(592,'32',1),(593,'33',1),(594,'34',1),(595,'35',1),(596,'36',1),(597,'37',1),(598,'38',1),(599,'39',1),(600,'40',1),(601,'41',1),(602,'42',1),(603,'43',1),(604,'44',1),(605,'45',1),(606,'46',1),(607,'47',1),(608,'48',1),(609,'49',1),(610,'50',1),(611,'51',1),(612,'52',1),(613,'53',1),(614,'54',1),(615,'55',1),(616,'56',1),(617,'57',1),(618,'58',1),(619,'59',1),(620,'60',1),(621,'61',1),(622,'62',1),(623,'63',1),(624,'64',1),(625,'65',1),(626,'66',1),(627,'67',1),(628,'68',1),(629,'69',1),(630,'70',1),(631,'71',1),(632,'72',1),(633,'73',1),(634,'74',1),(635,'75',1),(636,'76',1),(637,'77',1),(638,'78',1),(639,'79',1),(640,'80',1),(641,'1',1),(642,'2',1),(643,'3',1),(644,'4',1),(645,'5',1),(646,'6',1),(647,'7',1),(648,'8',1),(649,'9',1),(650,'10',1),(651,'11',1),(652,'12',1),(653,'13',1),(654,'14',1),(655,'15',1),(656,'16',1),(657,'17',1),(658,'18',1),(659,'19',1),(660,'20',1),(661,'21',1),(662,'22',1),(663,'23',1),(664,'24',1),(665,'25',1),(666,'26',1),(667,'27',1),(668,'28',1),(669,'29',1),(670,'30',1),(671,'31',1),(672,'32',1),(673,'33',1),(674,'34',1),(675,'35',1),(676,'36',1),(677,'37',1),(678,'38',1),(679,'39',1),(680,'40',1),(681,'41',1),(682,'42',1),(683,'43',1),(684,'44',1),(685,'45',1),(686,'46',1),(687,'47',1),(688,'48',1),(689,'49',1),(690,'50',1),(691,'51',1),(692,'52',1),(693,'53',1),(694,'54',1),(695,'55',1),(696,'56',1),(697,'57',1),(698,'58',1),(699,'59',1),(700,'60',1),(701,'61',1),(702,'62',1),(703,'63',1),(704,'64',1),(705,'65',1),(706,'66',1),(707,'67',1),(708,'68',1),(709,'69',1),(710,'70',1),(711,'71',1),(712,'72',1),(713,'73',1),(714,'74',1),(715,'75',1),(716,'76',1),(717,'77',1),(718,'78',1),(719,'79',1),(720,'80',1),(721,'1',1),(722,'2',1),(723,'3',1),(724,'4',1),(725,'5',1),(726,'6',1),(727,'7',1),(728,'8',1),(729,'9',1),(730,'10',1),(731,'11',1),(732,'12',1),(733,'13',1),(734,'14',1),(735,'15',1),(736,'16',1),(737,'17',1),(738,'18',1),(739,'19',1),(740,'20',1),(741,'21',1),(742,'22',1),(743,'23',1),(744,'24',1),(745,'25',1),(746,'26',1),(747,'27',1),(748,'28',1),(749,'29',1),(750,'30',1),(751,'31',1),(752,'32',1),(753,'33',1),(754,'34',1),(755,'35',1),(756,'36',1),(757,'37',1),(758,'38',1),(759,'39',1),(760,'40',1),(761,'41',1),(762,'42',1),(763,'43',1),(764,'44',1),(765,'45',1),(766,'46',1),(767,'47',1),(768,'48',1),(769,'49',1),(770,'50',1),(771,'51',1),(772,'52',1),(773,'53',1),(774,'54',1),(775,'55',1),(776,'56',1),(777,'57',1),(778,'58',1),(779,'59',1),(780,'60',1),(781,'61',1),(782,'62',1),(783,'63',1),(784,'64',1),(785,'65',1),(786,'66',1),(787,'67',1),(788,'68',1),(789,'69',1),(790,'70',1),(791,'71',1),(792,'72',1),(793,'73',1),(794,'74',1),(795,'75',1),(796,'76',1),(797,'77',1),(798,'78',1),(799,'79',1),(800,'80',1),(801,'1',1),(802,'2',1),(803,'3',1),(804,'4',1),(805,'5',1),(806,'6',1),(807,'7',1),(808,'8',1),(809,'9',1),(810,'10',1),(811,'11',1),(812,'12',1),(813,'13',1),(814,'14',1),(815,'15',1),(816,'16',1),(817,'17',1),(818,'18',1),(819,'19',1),(820,'20',1),(821,'21',1),(822,'22',1),(823,'23',1),(824,'24',1),(825,'25',1),(826,'26',1),(827,'27',1),(828,'28',1),(829,'29',1),(830,'30',1),(831,'31',1),(832,'32',1),(833,'33',1),(834,'34',1),(835,'35',1),(836,'36',1),(837,'37',1),(838,'38',1),(839,'39',1),(840,'40',1),(841,'41',1),(842,'42',1),(843,'43',1),(844,'44',1),(845,'45',1),(846,'46',1),(847,'47',1),(848,'48',1),(849,'49',1),(850,'50',1),(851,'51',1),(852,'52',1),(853,'53',1),(854,'54',1),(855,'55',1),(856,'56',1),(857,'57',1),(858,'58',1),(859,'59',1),(860,'60',1),(861,'61',1),(862,'62',1),(863,'63',1),(864,'64',1),(865,'65',1),(866,'66',1),(867,'67',1),(868,'68',1),(869,'69',1),(870,'70',1),(871,'71',1),(872,'72',1),(873,'73',1),(874,'74',1),(875,'75',1),(876,'76',1),(877,'77',1),(878,'78',1),(879,'79',1),(880,'80',1),(881,'1',1),(882,'2',1),(883,'3',1),(884,'4',1),(885,'5',1),(886,'6',1),(887,'7',1),(888,'8',1),(889,'9',1),(890,'10',1),(891,'11',1),(892,'12',1),(893,'13',1),(894,'14',1),(895,'15',1),(896,'16',1),(897,'17',1),(898,'18',1),(899,'19',1),(900,'20',1),(901,'21',1),(902,'22',1),(903,'23',1),(904,'24',1),(905,'25',1),(906,'26',1),(907,'27',1),(908,'28',1),(909,'29',1),(910,'30',1),(911,'31',1),(912,'32',1),(913,'33',1),(914,'34',1),(915,'35',1),(916,'36',1),(917,'37',1),(918,'38',1),(919,'39',1),(920,'40',1),(921,'41',1),(922,'42',1),(923,'43',1),(924,'44',1),(925,'45',1),(926,'46',1),(927,'47',1),(928,'48',1),(929,'49',1),(930,'50',1),(931,'51',1),(932,'52',1),(933,'53',1),(934,'54',1),(935,'55',1),(936,'56',1),(937,'57',1),(938,'58',1),(939,'59',1),(940,'60',1),(941,'61',1),(942,'62',1),(943,'63',1),(944,'64',1),(945,'65',1),(946,'66',1),(947,'67',1),(948,'68',1),(949,'69',1),(950,'70',1),(951,'71',0),(952,'72',0),(953,'73',0),(954,'74',0),(955,'75',0),(956,'76',0),(957,'77',0),(958,'78',0),(959,'79',0),(960,'80',0),(961,'1',1),(962,'2',1),(963,'3',1),(964,'4',1),(965,'5',0),(966,'6',0),(967,'7',0),(968,'8',1),(969,'9',1),(970,'10',1),(971,'11',1),(972,'12',1),(973,'13',1),(974,'14',1),(975,'15',1),(976,'16',1),(977,'17',1),(978,'18',0),(979,'19',1),(980,'20',1),(981,'21',1),(982,'22',1),(983,'23',1),(984,'24',1),(985,'25',1),(986,'26',1),(987,'27',1),(988,'28',0),(989,'29',0),(990,'30',1),(991,'31',1),(992,'32',1),(993,'33',1),(994,'34',1),(995,'35',1),(996,'36',1),(997,'37',1),(998,'38',1),(999,'39',1),(1000,'40',1),(1001,'41',1),(1002,'42',1),(1003,'43',1),(1004,'44',1),(1005,'45',1),(1006,'46',1),(1007,'47',1),(1008,'48',1),(1009,'49',1),(1010,'50',1),(1011,'51',1),(1012,'52',1),(1013,'53',1),(1014,'54',1),(1015,'55',1),(1016,'56',1),(1017,'57',1),(1018,'58',1),(1019,'59',1),(1020,'60',1),(1021,'61',1),(1022,'62',1),(1023,'63',1),(1024,'64',1),(1025,'65',1),(1026,'66',1),(1027,'67',1),(1028,'68',1),(1029,'69',1),(1030,'70',1),(1031,'71',1),(1032,'72',1),(1033,'73',1),(1034,'74',1),(1035,'75',1),(1036,'76',1),(1037,'77',1),(1038,'78',1),(1039,'79',1),(1040,'80',1),(1041,'1',1),(1042,'2',1),(1043,'3',1),(1044,'4',1),(1045,'5',1),(1046,'6',1),(1047,'7',1),(1048,'8',1),(1049,'9',1),(1050,'10',1),(1051,'11',1),(1052,'12',1),(1053,'13',1),(1054,'14',1),(1055,'15',1),(1056,'16',1),(1057,'17',1),(1058,'18',1),(1059,'19',1),(1060,'20',1),(1061,'21',1),(1062,'22',1),(1063,'23',1),(1064,'24',1),(1065,'25',1),(1066,'26',1),(1067,'27',1),(1068,'28',1),(1069,'29',1),(1070,'30',1),(1071,'31',1),(1072,'32',1),(1073,'33',1),(1074,'34',1),(1075,'35',1),(1076,'36',1),(1077,'37',1),(1078,'38',1),(1079,'39',1),(1080,'40',1),(1081,'41',1),(1082,'42',1),(1083,'43',1),(1084,'44',1),(1085,'45',1),(1086,'46',1),(1087,'47',1),(1088,'48',1),(1089,'49',1),(1090,'50',1),(1091,'51',1),(1092,'52',1),(1093,'53',1),(1094,'54',1),(1095,'55',1),(1096,'56',1),(1097,'57',1),(1098,'58',1),(1099,'59',1),(1100,'60',1),(1101,'61',1),(1102,'62',1),(1103,'63',1),(1104,'64',1),(1105,'65',1),(1106,'66',1),(1107,'67',1),(1108,'68',1),(1109,'69',1),(1110,'70',1),(1111,'71',1),(1112,'72',1),(1113,'73',1),(1114,'74',1),(1115,'75',0),(1116,'76',0),(1117,'77',1),(1118,'78',1),(1119,'79',1),(1120,'80',1),(1121,'1',1),(1122,'2',1),(1123,'3',1),(1124,'4',1),(1125,'5',1),(1126,'6',1),(1127,'7',1),(1128,'8',1),(1129,'9',1),(1130,'10',1),(1131,'11',1),(1132,'12',1),(1133,'13',1),(1134,'14',1),(1135,'15',1),(1136,'16',1),(1137,'17',1),(1138,'18',1),(1139,'19',1),(1140,'20',1),(1141,'21',1),(1142,'22',1),(1143,'23',1),(1144,'24',1),(1145,'25',1),(1146,'26',1),(1147,'27',1),(1148,'28',1),(1149,'29',1),(1150,'30',1),(1151,'31',1),(1152,'32',1),(1153,'33',1),(1154,'34',1),(1155,'35',1),(1156,'36',1),(1157,'37',1),(1158,'38',1),(1159,'39',1),(1160,'40',1),(1161,'41',1),(1162,'42',1),(1163,'43',1),(1164,'44',1),(1165,'45',1),(1166,'46',1),(1167,'47',1),(1168,'48',1),(1169,'49',1),(1170,'50',1),(1171,'51',1),(1172,'52',1),(1173,'53',1),(1174,'54',1),(1175,'55',1),(1176,'56',1),(1177,'57',1),(1178,'58',1),(1179,'59',1),(1180,'60',1),(1181,'61',1),(1182,'62',1),(1183,'63',1),(1184,'64',1),(1185,'65',1),(1186,'66',1),(1187,'67',1),(1188,'68',1),(1189,'69',1),(1190,'70',1),(1191,'71',1),(1192,'72',1),(1193,'73',1),(1194,'74',1),(1195,'75',1),(1196,'76',1),(1197,'77',1),(1198,'78',1),(1199,'79',1),(1200,'80',1),(1201,'1',1),(1202,'2',1),(1203,'3',1),(1204,'4',1),(1205,'5',1),(1206,'6',1),(1207,'7',1),(1208,'8',1),(1209,'9',1),(1210,'10',1),(1211,'11',1),(1212,'12',1),(1213,'13',1),(1214,'14',1),(1215,'15',1),(1216,'16',1),(1217,'17',1),(1218,'18',1),(1219,'19',1),(1220,'20',1),(1221,'21',1),(1222,'22',1),(1223,'23',1),(1224,'24',1),(1225,'25',1),(1226,'26',1),(1227,'27',1),(1228,'28',1),(1229,'29',1),(1230,'30',1),(1231,'31',1),(1232,'32',1),(1233,'33',1),(1234,'34',1),(1235,'35',1),(1236,'36',1),(1237,'37',1),(1238,'38',1),(1239,'39',1),(1240,'40',1),(1241,'41',1),(1242,'42',1),(1243,'43',1),(1244,'44',1),(1245,'45',1),(1246,'46',1),(1247,'47',1),(1248,'48',1),(1249,'49',1),(1250,'50',1),(1251,'51',1),(1252,'52',1),(1253,'53',1),(1254,'54',1),(1255,'55',1),(1256,'56',1),(1257,'57',1),(1258,'58',1),(1259,'59',1),(1260,'60',1),(1261,'61',1),(1262,'62',1),(1263,'63',1),(1264,'64',1),(1265,'65',1),(1266,'66',1),(1267,'67',1),(1268,'68',1),(1269,'69',1),(1270,'70',1),(1271,'71',1),(1272,'72',1),(1273,'73',1),(1274,'74',1),(1275,'75',1),(1276,'76',1),(1277,'77',1),(1278,'78',1),(1279,'79',1),(1280,'80',1),(1281,'1',1),(1282,'2',1),(1283,'3',1),(1284,'4',1),(1285,'5',1),(1286,'6',1),(1287,'7',1),(1288,'8',1),(1289,'9',1),(1290,'10',1),(1291,'11',1),(1292,'12',1),(1293,'13',1),(1294,'14',1),(1295,'15',1),(1296,'16',1),(1297,'17',1),(1298,'18',1),(1299,'19',1),(1300,'20',1),(1301,'21',1),(1302,'22',1),(1303,'23',1),(1304,'24',1),(1305,'25',1),(1306,'26',1),(1307,'27',1),(1308,'28',1),(1309,'29',1),(1310,'30',1),(1311,'31',1),(1312,'32',1),(1313,'33',1),(1314,'34',1),(1315,'35',1),(1316,'36',1),(1317,'37',1),(1318,'38',1),(1319,'39',1),(1320,'40',1),(1321,'41',1),(1322,'42',1),(1323,'43',1),(1324,'44',1),(1325,'45',1),(1326,'46',1),(1327,'47',1),(1328,'48',1),(1329,'49',1),(1330,'50',1),(1331,'51',1),(1332,'52',1),(1333,'53',1),(1334,'54',1),(1335,'55',1),(1336,'56',1),(1337,'57',1),(1338,'58',1),(1339,'59',1),(1340,'60',1),(1341,'61',1),(1342,'62',1),(1343,'63',1),(1344,'64',1),(1345,'65',1),(1346,'66',1),(1347,'67',1),(1348,'68',1),(1349,'69',1),(1350,'70',1),(1351,'71',1),(1352,'72',1),(1353,'73',1),(1354,'74',1),(1355,'75',1),(1356,'76',1),(1357,'77',1),(1358,'78',1),(1359,'79',1),(1360,'80',1),(1361,'1',1),(1362,'2',1),(1363,'3',1),(1364,'4',1),(1365,'5',1),(1366,'6',1),(1367,'7',1),(1368,'8',1),(1369,'9',1),(1370,'10',1),(1371,'11',1),(1372,'12',1),(1373,'13',1),(1374,'14',1),(1375,'15',1),(1376,'16',1),(1377,'17',1),(1378,'18',1),(1379,'19',1),(1380,'20',1),(1381,'21',1),(1382,'22',1),(1383,'23',1),(1384,'24',1),(1385,'25',1),(1386,'26',1),(1387,'27',1),(1388,'28',1),(1389,'29',1),(1390,'30',1),(1391,'31',1),(1392,'32',1),(1393,'33',1),(1394,'34',1),(1395,'35',1),(1396,'36',1),(1397,'37',1),(1398,'38',1),(1399,'39',1),(1400,'40',1),(1401,'41',1),(1402,'42',1),(1403,'43',1),(1404,'44',1),(1405,'45',1),(1406,'46',1),(1407,'47',1),(1408,'48',1),(1409,'49',1),(1410,'50',1),(1411,'51',1),(1412,'52',1),(1413,'53',1),(1414,'54',1),(1415,'55',1),(1416,'56',1),(1417,'57',1),(1418,'58',1),(1419,'59',1),(1420,'60',1),(1421,'61',1),(1422,'62',1),(1423,'63',1),(1424,'64',1),(1425,'65',1),(1426,'66',1),(1427,'67',1),(1428,'68',1),(1429,'69',1),(1430,'70',1),(1431,'71',1),(1432,'72',1),(1433,'73',1),(1434,'74',1),(1435,'75',1),(1436,'76',1),(1437,'77',1),(1438,'78',1),(1439,'79',1),(1440,'80',1);
/*!40000 ALTER TABLE `seats` ENABLE KEYS */;
UNLOCK TABLES;

--
-- Table structure for table `showtimes`
--

DROP TABLE IF EXISTS `showtimes`;
/*!40101 SET @saved_cs_client     = @@character_set_client */;
/*!50503 SET character_set_client = utf8mb4 */;
CREATE TABLE `showtimes` (
  `id` int NOT NULL AUTO_INCREMENT,
  `movie_id` int DEFAULT NULL,
  `show_time` datetime DEFAULT NULL,
  PRIMARY KEY (`id`),
  KEY `movie_id` (`movie_id`),
  CONSTRAINT `showtimes_ibfk_1` FOREIGN KEY (`movie_id`) REFERENCES `movies` (`id`)
) ENGINE=InnoDB AUTO_INCREMENT=19 DEFAULT CHARSET=utf8mb4 COLLATE=utf8mb4_general_ci;
/*!40101 SET character_set_client = @saved_cs_client */;

--
-- Dumping data for table `showtimes`
--

LOCK TABLES `showtimes` WRITE;
/*!40000 ALTER TABLE `showtimes` DISABLE KEYS */;
INSERT INTO `showtimes` VALUES (1,1,'2024-06-01 14:00:00'),(2,1,'2024-06-01 17:00:00'),(3,1,'2024-06-01 20:00:00'),(4,2,'2024-06-02 14:00:00'),(5,2,'2024-06-02 17:00:00'),(6,2,'2024-06-02 20:00:00'),(7,3,'2024-06-03 14:00:00'),(8,3,'2024-06-03 17:00:00'),(9,3,'2024-06-03 20:00:00'),(10,4,'2024-06-03 14:00:00'),(11,4,'2024-06-03 17:00:00'),(12,4,'2024-06-03 20:00:00'),(13,5,'2024-06-03 14:00:00'),(14,5,'2024-06-03 17:00:00'),(15,5,'2024-06-03 20:00:00'),(16,6,'2024-06-03 14:00:00'),(17,6,'2024-06-03 17:00:00'),(18,6,'2024-06-03 20:00:00');
/*!40000 ALTER TABLE `showtimes` ENABLE KEYS */;
UNLOCK TABLES;

--
-- Table structure for table `tickets`
--

DROP TABLE IF EXISTS `tickets`;
/*!40101 SET @saved_cs_client     = @@character_set_client */;
/*!50503 SET character_set_client = utf8mb4 */;
CREATE TABLE `tickets` (
  `id` int NOT NULL AUTO_INCREMENT,
  `showtime_id` int DEFAULT NULL,
  `seat_id` int DEFAULT NULL,
  `price` decimal(10,2) DEFAULT NULL,
  PRIMARY KEY (`id`),
  KEY `showtime_id` (`showtime_id`),
  KEY `seat_id` (`seat_id`),
  CONSTRAINT `tickets_ibfk_1` FOREIGN KEY (`showtime_id`) REFERENCES `showtimes` (`id`),
  CONSTRAINT `tickets_ibfk_2` FOREIGN KEY (`seat_id`) REFERENCES `seats` (`id`)
) ENGINE=InnoDB AUTO_INCREMENT=1441 DEFAULT CHARSET=utf8mb4 COLLATE=utf8mb4_general_ci;
/*!40101 SET character_set_client = @saved_cs_client */;

--
-- Dumping data for table `tickets`
--

LOCK TABLES `tickets` WRITE;
/*!40000 ALTER TABLE `tickets` DISABLE KEYS */;
INSERT INTO `tickets` VALUES (1,1,1,12.00),(2,1,2,12.00),(3,1,3,12.00),(4,1,4,12.00),(5,1,5,12.00),(6,1,6,12.00),(7,1,7,12.00),(8,1,8,12.00),(9,1,9,12.00),(10,1,10,12.00),(11,1,11,12.00),(12,1,12,12.00),(13,1,13,12.00),(14,1,14,12.00),(15,1,15,12.00),(16,1,16,12.00),(17,1,17,12.00),(18,1,18,12.00),(19,1,19,12.00),(20,1,20,12.00),(21,1,21,12.00),(22,1,22,12.00),(23,1,23,12.00),(24,1,24,12.00),(25,1,25,12.00),(26,1,26,12.00),(27,1,27,12.00),(28,1,28,12.00),(29,1,29,12.00),(30,1,30,12.00),(31,1,31,12.00),(32,1,32,12.00),(33,1,33,12.00),(34,1,34,12.00),(35,1,35,12.00),(36,1,36,12.00),(37,1,37,12.00),(38,1,38,12.00),(39,1,39,12.00),(40,1,40,12.00),(41,1,41,12.00),(42,1,42,12.00),(43,1,43,12.00),(44,1,44,12.00),(45,1,45,12.00),(46,1,46,12.00),(47,1,47,12.00),(48,1,48,12.00),(49,1,49,12.00),(50,1,50,12.00),(51,1,51,12.00),(52,1,52,12.00),(53,1,53,12.00),(54,1,54,12.00),(55,1,55,12.00),(56,1,56,12.00),(57,1,57,12.00),(58,1,58,12.00),(59,1,59,12.00),(60,1,60,12.00),(61,1,61,12.00),(62,1,62,12.00),(63,1,63,12.00),(64,1,64,12.00),(65,1,65,12.00),(66,1,66,12.00),(67,1,67,12.00),(68,1,68,12.00),(69,1,69,12.00),(70,1,70,12.00),(71,1,71,12.00),(72,1,72,12.00),(73,1,73,12.00),(74,1,74,12.00),(75,1,75,12.00),(76,1,76,12.00),(77,1,77,12.00),(78,1,78,12.00),(79,1,79,12.00),(80,1,80,12.00),(81,2,81,12.00),(82,2,82,12.00),(83,2,83,12.00),(84,2,84,12.00),(85,2,85,12.00),(86,2,86,12.00),(87,2,87,12.00),(88,2,88,12.00),(89,2,89,12.00),(90,2,90,12.00),(91,2,91,12.00),(92,2,92,12.00),(93,2,93,12.00),(94,2,94,12.00),(95,2,95,12.00),(96,2,96,12.00),(97,2,97,12.00),(98,2,98,12.00),(99,2,99,12.00),(100,2,100,12.00),(101,2,101,12.00),(102,2,102,12.00),(103,2,103,12.00),(104,2,104,12.00),(105,2,105,12.00),(106,2,106,12.00),(107,2,107,12.00),(108,2,108,12.00),(109,2,109,12.00),(110,2,110,12.00),(111,2,111,12.00),(112,2,112,12.00),(113,2,113,12.00),(114,2,114,12.00),(115,2,115,12.00),(116,2,116,12.00),(117,2,117,12.00),(118,2,118,12.00),(119,2,119,12.00),(120,2,120,12.00),(121,2,121,12.00),(122,2,122,12.00),(123,2,123,12.00),(124,2,124,12.00),(125,2,125,12.00),(126,2,126,12.00),(127,2,127,12.00),(128,2,128,12.00),(129,2,129,12.00),(130,2,130,12.00),(131,2,131,12.00),(132,2,132,12.00),(133,2,133,12.00),(134,2,134,12.00),(135,2,135,12.00),(136,2,136,12.00),(137,2,137,12.00),(138,2,138,12.00),(139,2,139,12.00),(140,2,140,12.00),(141,2,141,12.00),(142,2,142,12.00),(143,2,143,12.00),(144,2,144,12.00),(145,2,145,12.00),(146,2,146,12.00),(147,2,147,12.00),(148,2,148,12.00),(149,2,149,12.00),(150,2,150,12.00),(151,2,151,12.00),(152,2,152,12.00),(153,2,153,12.00),(154,2,154,12.00),(155,2,155,12.00),(156,2,156,12.00),(157,2,157,12.00),(158,2,158,12.00),(159,2,159,12.00),(160,2,160,12.00),(161,3,161,12.00),(162,3,162,12.00),(163,3,163,12.00),(164,3,164,12.00),(165,3,165,12.00),(166,3,166,12.00),(167,3,167,12.00),(168,3,168,12.00),(169,3,169,12.00),(170,3,170,12.00),(171,3,171,12.00),(172,3,172,12.00),(173,3,173,12.00),(174,3,174,12.00),(175,3,175,12.00),(176,3,176,12.00),(177,3,177,12.00),(178,3,178,12.00),(179,3,179,12.00),(180,3,180,12.00),(181,3,181,12.00),(182,3,182,12.00),(183,3,183,12.00),(184,3,184,12.00),(185,3,185,12.00),(186,3,186,12.00),(187,3,187,12.00),(188,3,188,12.00),(189,3,189,12.00),(190,3,190,12.00),(191,3,191,12.00),(192,3,192,12.00),(193,3,193,12.00),(194,3,194,12.00),(195,3,195,12.00),(196,3,196,12.00),(197,3,197,12.00),(198,3,198,12.00),(199,3,199,12.00),(200,3,200,12.00),(201,3,201,12.00),(202,3,202,12.00),(203,3,203,12.00),(204,3,204,12.00),(205,3,205,12.00),(206,3,206,12.00),(207,3,207,12.00),(208,3,208,12.00),(209,3,209,12.00),(210,3,210,12.00),(211,3,211,12.00),(212,3,212,12.00),(213,3,213,12.00),(214,3,214,12.00),(215,3,215,12.00),(216,3,216,12.00),(217,3,217,12.00),(218,3,218,12.00),(219,3,219,12.00),(220,3,220,12.00),(221,3,221,12.00),(222,3,222,12.00),(223,3,223,12.00),(224,3,224,12.00),(225,3,225,12.00),(226,3,226,12.00),(227,3,227,12.00),(228,3,228,12.00),(229,3,229,12.00),(230,3,230,12.00),(231,3,231,12.00),(232,3,232,12.00),(233,3,233,12.00),(234,3,234,12.00),(235,3,235,12.00),(236,3,236,12.00),(237,3,237,12.00),(238,3,238,12.00),(239,3,239,12.00),(240,3,240,12.00),(241,4,241,12.00),(242,4,242,12.00),(243,4,243,12.00),(244,4,244,12.00),(245,4,245,12.00),(246,4,246,12.00),(247,4,247,12.00),(248,4,248,12.00),(249,4,249,12.00),(250,4,250,12.00),(251,4,251,12.00),(252,4,252,12.00),(253,4,253,12.00),(254,4,254,12.00),(255,4,255,12.00),(256,4,256,12.00),(257,4,257,12.00),(258,4,258,12.00),(259,4,259,12.00),(260,4,260,12.00),(261,4,261,12.00),(262,4,262,12.00),(263,4,263,12.00),(264,4,264,12.00),(265,4,265,12.00),(266,4,266,12.00),(267,4,267,12.00),(268,4,268,12.00),(269,4,269,12.00),(270,4,270,12.00),(271,4,271,12.00),(272,4,272,12.00),(273,4,273,12.00),(274,4,274,12.00),(275,4,275,12.00),(276,4,276,12.00),(277,4,277,12.00),(278,4,278,12.00),(279,4,279,12.00),(280,4,280,12.00),(281,4,281,12.00),(282,4,282,12.00),(283,4,283,12.00),(284,4,284,12.00),(285,4,285,12.00),(286,4,286,12.00),(287,4,287,12.00),(288,4,288,12.00),(289,4,289,12.00),(290,4,290,12.00),(291,4,291,12.00),(292,4,292,12.00),(293,4,293,12.00),(294,4,294,12.00),(295,4,295,12.00),(296,4,296,12.00),(297,4,297,12.00),(298,4,298,12.00),(299,4,299,12.00),(300,4,300,12.00),(301,4,301,12.00),(302,4,302,12.00),(303,4,303,12.00),(304,4,304,12.00),(305,4,305,12.00),(306,4,306,12.00),(307,4,307,12.00),(308,4,308,12.00),(309,4,309,12.00),(310,4,310,12.00),(311,4,311,12.00),(312,4,312,12.00),(313,4,313,12.00),(314,4,314,12.00),(315,4,315,12.00),(316,4,316,12.00),(317,4,317,12.00),(318,4,318,12.00),(319,4,319,12.00),(320,4,320,12.00),(321,5,321,12.00),(322,5,322,12.00),(323,5,323,12.00),(324,5,324,12.00),(325,5,325,12.00),(326,5,326,12.00),(327,5,327,12.00),(328,5,328,12.00),(329,5,329,12.00),(330,5,330,12.00),(331,5,331,12.00),(332,5,332,12.00),(333,5,333,12.00),(334,5,334,12.00),(335,5,335,12.00),(336,5,336,12.00),(337,5,337,12.00),(338,5,338,12.00),(339,5,339,12.00),(340,5,340,12.00),(341,5,341,12.00),(342,5,342,12.00),(343,5,343,12.00),(344,5,344,12.00),(345,5,345,12.00),(346,5,346,12.00),(347,5,347,12.00),(348,5,348,12.00),(349,5,349,12.00),(350,5,350,12.00),(351,5,351,12.00),(352,5,352,12.00),(353,5,353,12.00),(354,5,354,12.00),(355,5,355,12.00),(356,5,356,12.00),(357,5,357,12.00),(358,5,358,12.00),(359,5,359,12.00),(360,5,360,12.00),(361,5,361,12.00),(362,5,362,12.00),(363,5,363,12.00),(364,5,364,12.00),(365,5,365,12.00),(366,5,366,12.00),(367,5,367,12.00),(368,5,368,12.00),(369,5,369,12.00),(370,5,370,12.00),(371,5,371,12.00),(372,5,372,12.00),(373,5,373,12.00),(374,5,374,12.00),(375,5,375,12.00),(376,5,376,12.00),(377,5,377,12.00),(378,5,378,12.00),(379,5,379,12.00),(380,5,380,12.00),(381,5,381,12.00),(382,5,382,12.00),(383,5,383,12.00),(384,5,384,12.00),(385,5,385,12.00),(386,5,386,12.00),(387,5,387,12.00),(388,5,388,12.00),(389,5,389,12.00),(390,5,390,12.00),(391,5,391,12.00),(392,5,392,12.00),(393,5,393,12.00),(394,5,394,12.00),(395,5,395,12.00),(396,5,396,12.00),(397,5,397,12.00),(398,5,398,12.00),(399,5,399,12.00),(400,5,400,12.00),(401,6,401,12.00),(402,6,402,12.00),(403,6,403,12.00),(404,6,404,12.00),(405,6,405,12.00),(406,6,406,12.00),(407,6,407,12.00),(408,6,408,12.00),(409,6,409,12.00),(410,6,410,12.00),(411,6,411,12.00),(412,6,412,12.00),(413,6,413,12.00),(414,6,414,12.00),(415,6,415,12.00),(416,6,416,12.00),(417,6,417,12.00),(418,6,418,12.00),(419,6,419,12.00),(420,6,420,12.00),(421,6,421,12.00),(422,6,422,12.00),(423,6,423,12.00),(424,6,424,12.00),(425,6,425,12.00),(426,6,426,12.00),(427,6,427,12.00),(428,6,428,12.00),(429,6,429,12.00),(430,6,430,12.00),(431,6,431,12.00),(432,6,432,12.00),(433,6,433,12.00),(434,6,434,12.00),(435,6,435,12.00),(436,6,436,12.00),(437,6,437,12.00),(438,6,438,12.00),(439,6,439,12.00),(440,6,440,12.00),(441,6,441,12.00),(442,6,442,12.00),(443,6,443,12.00),(444,6,444,12.00),(445,6,445,12.00),(446,6,446,12.00),(447,6,447,12.00),(448,6,448,12.00),(449,6,449,12.00),(450,6,450,12.00),(451,6,451,12.00),(452,6,452,12.00),(453,6,453,12.00),(454,6,454,12.00),(455,6,455,12.00),(456,6,456,12.00),(457,6,457,12.00),(458,6,458,12.00),(459,6,459,12.00),(460,6,460,12.00),(461,6,461,12.00),(462,6,462,12.00),(463,6,463,12.00),(464,6,464,12.00),(465,6,465,12.00),(466,6,466,12.00),(467,6,467,12.00),(468,6,468,12.00),(469,6,469,12.00),(470,6,470,12.00),(471,6,471,12.00),(472,6,472,12.00),(473,6,473,12.00),(474,6,474,12.00),(475,6,475,12.00),(476,6,476,12.00),(477,6,477,12.00),(478,6,478,12.00),(479,6,479,12.00),(480,6,480,12.00),(481,7,481,12.00),(482,7,482,12.00),(483,7,483,12.00),(484,7,484,12.00),(485,7,485,12.00),(486,7,486,12.00),(487,7,487,12.00),(488,7,488,12.00),(489,7,489,12.00),(490,7,490,12.00),(491,7,491,12.00),(492,7,492,12.00),(493,7,493,12.00),(494,7,494,12.00),(495,7,495,12.00),(496,7,496,12.00),(497,7,497,12.00),(498,7,498,12.00),(499,7,499,12.00),(500,7,500,12.00),(501,7,501,12.00),(502,7,502,12.00),(503,7,503,12.00),(504,7,504,12.00),(505,7,505,12.00),(506,7,506,12.00),(507,7,507,12.00),(508,7,508,12.00),(509,7,509,12.00),(510,7,510,12.00),(511,7,511,12.00),(512,7,512,12.00),(513,7,513,12.00),(514,7,514,12.00),(515,7,515,12.00),(516,7,516,12.00),(517,7,517,12.00),(518,7,518,12.00),(519,7,519,12.00),(520,7,520,12.00),(521,7,521,12.00),(522,7,522,12.00),(523,7,523,12.00),(524,7,524,12.00),(525,7,525,12.00),(526,7,526,12.00),(527,7,527,12.00),(528,7,528,12.00),(529,7,529,12.00),(530,7,530,12.00),(531,7,531,12.00),(532,7,532,12.00),(533,7,533,12.00),(534,7,534,12.00),(535,7,535,12.00),(536,7,536,12.00),(537,7,537,12.00),(538,7,538,12.00),(539,7,539,12.00),(540,7,540,12.00),(541,7,541,12.00),(542,7,542,12.00),(543,7,543,12.00),(544,7,544,12.00),(545,7,545,12.00),(546,7,546,12.00),(547,7,547,12.00),(548,7,548,12.00),(549,7,549,12.00),(550,7,550,12.00),(551,7,551,12.00),(552,7,552,12.00),(553,7,553,12.00),(554,7,554,12.00),(555,7,555,12.00),(556,7,556,12.00),(557,7,557,12.00),(558,7,558,12.00),(559,7,559,12.00),(560,7,560,12.00),(561,8,561,12.00),(562,8,562,12.00),(563,8,563,12.00),(564,8,564,12.00),(565,8,565,12.00),(566,8,566,12.00),(567,8,567,12.00),(568,8,568,12.00),(569,8,569,12.00),(570,8,570,12.00),(571,8,571,12.00),(572,8,572,12.00),(573,8,573,12.00),(574,8,574,12.00),(575,8,575,12.00),(576,8,576,12.00),(577,8,577,12.00),(578,8,578,12.00),(579,8,579,12.00),(580,8,580,12.00),(581,8,581,12.00),(582,8,582,12.00),(583,8,583,12.00),(584,8,584,12.00),(585,8,585,12.00),(586,8,586,12.00),(587,8,587,12.00),(588,8,588,12.00),(589,8,589,12.00),(590,8,590,12.00),(591,8,591,12.00),(592,8,592,12.00),(593,8,593,12.00),(594,8,594,12.00),(595,8,595,12.00),(596,8,596,12.00),(597,8,597,12.00),(598,8,598,12.00),(599,8,599,12.00),(600,8,600,12.00),(601,8,601,12.00),(602,8,602,12.00),(603,8,603,12.00),(604,8,604,12.00),(605,8,605,12.00),(606,8,606,12.00),(607,8,607,12.00),(608,8,608,12.00),(609,8,609,12.00),(610,8,610,12.00),(611,8,611,12.00),(612,8,612,12.00),(613,8,613,12.00),(614,8,614,12.00),(615,8,615,12.00),(616,8,616,12.00),(617,8,617,12.00),(618,8,618,12.00),(619,8,619,12.00),(620,8,620,12.00),(621,8,621,12.00),(622,8,622,12.00),(623,8,623,12.00),(624,8,624,12.00),(625,8,625,12.00),(626,8,626,12.00),(627,8,627,12.00),(628,8,628,12.00),(629,8,629,12.00),(630,8,630,12.00),(631,8,631,12.00),(632,8,632,12.00),(633,8,633,12.00),(634,8,634,12.00),(635,8,635,12.00),(636,8,636,12.00),(637,8,637,12.00),(638,8,638,12.00),(639,8,639,12.00),(640,8,640,12.00),(641,9,641,12.00),(642,9,642,12.00),(643,9,643,12.00),(644,9,644,12.00),(645,9,645,12.00),(646,9,646,12.00),(647,9,647,12.00),(648,9,648,12.00),(649,9,649,12.00),(650,9,650,12.00),(651,9,651,12.00),(652,9,652,12.00),(653,9,653,12.00),(654,9,654,12.00),(655,9,655,12.00),(656,9,656,12.00),(657,9,657,12.00),(658,9,658,12.00),(659,9,659,12.00),(660,9,660,12.00),(661,9,661,12.00),(662,9,662,12.00),(663,9,663,12.00),(664,9,664,12.00),(665,9,665,12.00),(666,9,666,12.00),(667,9,667,12.00),(668,9,668,12.00),(669,9,669,12.00),(670,9,670,12.00),(671,9,671,12.00),(672,9,672,12.00),(673,9,673,12.00),(674,9,674,12.00),(675,9,675,12.00),(676,9,676,12.00),(677,9,677,12.00),(678,9,678,12.00),(679,9,679,12.00),(680,9,680,12.00),(681,9,681,12.00),(682,9,682,12.00),(683,9,683,12.00),(684,9,684,12.00),(685,9,685,12.00),(686,9,686,12.00),(687,9,687,12.00),(688,9,688,12.00),(689,9,689,12.00),(690,9,690,12.00),(691,9,691,12.00),(692,9,692,12.00),(693,9,693,12.00),(694,9,694,12.00),(695,9,695,12.00),(696,9,696,12.00),(697,9,697,12.00),(698,9,698,12.00),(699,9,699,12.00),(700,9,700,12.00),(701,9,701,12.00),(702,9,702,12.00),(703,9,703,12.00),(704,9,704,12.00),(705,9,705,12.00),(706,9,706,12.00),(707,9,707,12.00),(708,9,708,12.00),(709,9,709,12.00),(710,9,710,12.00),(711,9,711,12.00),(712,9,712,12.00),(713,9,713,12.00),(714,9,714,12.00),(715,9,715,12.00),(716,9,716,12.00),(717,9,717,12.00),(718,9,718,12.00),(719,9,719,12.00),(720,9,720,12.00),(721,10,721,12.00),(722,10,722,12.00),(723,10,723,12.00),(724,10,724,12.00),(725,10,725,12.00),(726,10,726,12.00),(727,10,727,12.00),(728,10,728,12.00),(729,10,729,12.00),(730,10,730,12.00),(731,10,731,12.00),(732,10,732,12.00),(733,10,733,12.00),(734,10,734,12.00),(735,10,735,12.00),(736,10,736,12.00),(737,10,737,12.00),(738,10,738,12.00),(739,10,739,12.00),(740,10,740,12.00),(741,10,741,12.00),(742,10,742,12.00),(743,10,743,12.00),(744,10,744,12.00),(745,10,745,12.00),(746,10,746,12.00),(747,10,747,12.00),(748,10,748,12.00),(749,10,749,12.00),(750,10,750,12.00),(751,10,751,12.00),(752,10,752,12.00),(753,10,753,12.00),(754,10,754,12.00),(755,10,755,12.00),(756,10,756,12.00),(757,10,757,12.00),(758,10,758,12.00),(759,10,759,12.00),(760,10,760,12.00),(761,10,761,12.00),(762,10,762,12.00),(763,10,763,12.00),(764,10,764,12.00),(765,10,765,12.00),(766,10,766,12.00),(767,10,767,12.00),(768,10,768,12.00),(769,10,769,12.00),(770,10,770,12.00),(771,10,771,12.00),(772,10,772,12.00),(773,10,773,12.00),(774,10,774,12.00),(775,10,775,12.00),(776,10,776,12.00),(777,10,777,12.00),(778,10,778,12.00),(779,10,779,12.00),(780,10,780,12.00),(781,10,781,12.00),(782,10,782,12.00),(783,10,783,12.00),(784,10,784,12.00),(785,10,785,12.00),(786,10,786,12.00),(787,10,787,12.00),(788,10,788,12.00),(789,10,789,12.00),(790,10,790,12.00),(791,10,791,12.00),(792,10,792,12.00),(793,10,793,12.00),(794,10,794,12.00),(795,10,795,12.00),(796,10,796,12.00),(797,10,797,12.00),(798,10,798,12.00),(799,10,799,12.00),(800,10,800,12.00),(801,11,801,12.00),(802,11,802,12.00),(803,11,803,12.00),(804,11,804,12.00),(805,11,805,12.00),(806,11,806,12.00),(807,11,807,12.00),(808,11,808,12.00),(809,11,809,12.00),(810,11,810,12.00),(811,11,811,12.00),(812,11,812,12.00),(813,11,813,12.00),(814,11,814,12.00),(815,11,815,12.00),(816,11,816,12.00),(817,11,817,12.00),(818,11,818,12.00),(819,11,819,12.00),(820,11,820,12.00),(821,11,821,12.00),(822,11,822,12.00),(823,11,823,12.00),(824,11,824,12.00),(825,11,825,12.00),(826,11,826,12.00),(827,11,827,12.00),(828,11,828,12.00),(829,11,829,12.00),(830,11,830,12.00),(831,11,831,12.00),(832,11,832,12.00),(833,11,833,12.00),(834,11,834,12.00),(835,11,835,12.00),(836,11,836,12.00),(837,11,837,12.00),(838,11,838,12.00),(839,11,839,12.00),(840,11,840,12.00),(841,11,841,12.00),(842,11,842,12.00),(843,11,843,12.00),(844,11,844,12.00),(845,11,845,12.00),(846,11,846,12.00),(847,11,847,12.00),(848,11,848,12.00),(849,11,849,12.00),(850,11,850,12.00),(851,11,851,12.00),(852,11,852,12.00),(853,11,853,12.00),(854,11,854,12.00),(855,11,855,12.00),(856,11,856,12.00),(857,11,857,12.00),(858,11,858,12.00),(859,11,859,12.00),(860,11,860,12.00),(861,11,861,12.00),(862,11,862,12.00),(863,11,863,12.00),(864,11,864,12.00),(865,11,865,12.00),(866,11,866,12.00),(867,11,867,12.00),(868,11,868,12.00),(869,11,869,12.00),(870,11,870,12.00),(871,11,871,12.00),(872,11,872,12.00),(873,11,873,12.00),(874,11,874,12.00),(875,11,875,12.00),(876,11,876,12.00),(877,11,877,12.00),(878,11,878,12.00),(879,11,879,12.00),(880,11,880,12.00),(881,12,881,12.00),(882,12,882,12.00),(883,12,883,12.00),(884,12,884,12.00),(885,12,885,12.00),(886,12,886,12.00),(887,12,887,12.00),(888,12,888,12.00),(889,12,889,12.00),(890,12,890,12.00),(891,12,891,12.00),(892,12,892,12.00),(893,12,893,12.00),(894,12,894,12.00),(895,12,895,12.00),(896,12,896,12.00),(897,12,897,12.00),(898,12,898,12.00),(899,12,899,12.00),(900,12,900,12.00),(901,12,901,12.00),(902,12,902,12.00),(903,12,903,12.00),(904,12,904,12.00),(905,12,905,12.00),(906,12,906,12.00),(907,12,907,12.00),(908,12,908,12.00),(909,12,909,12.00),(910,12,910,12.00),(911,12,911,12.00),(912,12,912,12.00),(913,12,913,12.00),(914,12,914,12.00),(915,12,915,12.00),(916,12,916,12.00),(917,12,917,12.00),(918,12,918,12.00),(919,12,919,12.00),(920,12,920,12.00),(921,12,921,12.00),(922,12,922,12.00),(923,12,923,12.00),(924,12,924,12.00),(925,12,925,12.00),(926,12,926,12.00),(927,12,927,12.00),(928,12,928,12.00),(929,12,929,12.00),(930,12,930,12.00),(931,12,931,12.00),(932,12,932,12.00),(933,12,933,12.00),(934,12,934,12.00),(935,12,935,12.00),(936,12,936,12.00),(937,12,937,12.00),(938,12,938,12.00),(939,12,939,12.00),(940,12,940,12.00),(941,12,941,12.00),(942,12,942,12.00),(943,12,943,12.00),(944,12,944,12.00),(945,12,945,12.00),(946,12,946,12.00),(947,12,947,12.00),(948,12,948,12.00),(949,12,949,12.00),(950,12,950,12.00),(951,12,951,12.00),(952,12,952,12.00),(953,12,953,12.00),(954,12,954,12.00),(955,12,955,12.00),(956,12,956,12.00),(957,12,957,12.00),(958,12,958,12.00),(959,12,959,12.00),(960,12,960,12.00),(961,13,961,12.00),(962,13,962,12.00),(963,13,963,12.00),(964,13,964,12.00),(965,13,965,12.00),(966,13,966,12.00),(967,13,967,12.00),(968,13,968,12.00),(969,13,969,12.00),(970,13,970,12.00),(971,13,971,12.00),(972,13,972,12.00),(973,13,973,12.00),(974,13,974,12.00),(975,13,975,12.00),(976,13,976,12.00),(977,13,977,12.00),(978,13,978,12.00),(979,13,979,12.00),(980,13,980,12.00),(981,13,981,12.00),(982,13,982,12.00),(983,13,983,12.00),(984,13,984,12.00),(985,13,985,12.00),(986,13,986,12.00),(987,13,987,12.00),(988,13,988,12.00),(989,13,989,12.00),(990,13,990,12.00),(991,13,991,12.00),(992,13,992,12.00),(993,13,993,12.00),(994,13,994,12.00),(995,13,995,12.00),(996,13,996,12.00),(997,13,997,12.00),(998,13,998,12.00),(999,13,999,12.00),(1000,13,1000,12.00),(1001,13,1001,12.00),(1002,13,1002,12.00),(1003,13,1003,12.00),(1004,13,1004,12.00),(1005,13,1005,12.00),(1006,13,1006,12.00),(1007,13,1007,12.00),(1008,13,1008,12.00),(1009,13,1009,12.00),(1010,13,1010,12.00),(1011,13,1011,12.00),(1012,13,1012,12.00),(1013,13,1013,12.00),(1014,13,1014,12.00),(1015,13,1015,12.00),(1016,13,1016,12.00),(1017,13,1017,12.00),(1018,13,1018,12.00),(1019,13,1019,12.00),(1020,13,1020,12.00),(1021,13,1021,12.00),(1022,13,1022,12.00),(1023,13,1023,12.00),(1024,13,1024,12.00),(1025,13,1025,12.00),(1026,13,1026,12.00),(1027,13,1027,12.00),(1028,13,1028,12.00),(1029,13,1029,12.00),(1030,13,1030,12.00),(1031,13,1031,12.00),(1032,13,1032,12.00),(1033,13,1033,12.00),(1034,13,1034,12.00),(1035,13,1035,12.00),(1036,13,1036,12.00),(1037,13,1037,12.00),(1038,13,1038,12.00),(1039,13,1039,12.00),(1040,13,1040,12.00),(1041,14,1041,12.00),(1042,14,1042,12.00),(1043,14,1043,12.00),(1044,14,1044,12.00),(1045,14,1045,12.00),(1046,14,1046,12.00),(1047,14,1047,12.00),(1048,14,1048,12.00),(1049,14,1049,12.00),(1050,14,1050,12.00),(1051,14,1051,12.00),(1052,14,1052,12.00),(1053,14,1053,12.00),(1054,14,1054,12.00),(1055,14,1055,12.00),(1056,14,1056,12.00),(1057,14,1057,12.00),(1058,14,1058,12.00),(1059,14,1059,12.00),(1060,14,1060,12.00),(1061,14,1061,12.00),(1062,14,1062,12.00),(1063,14,1063,12.00),(1064,14,1064,12.00),(1065,14,1065,12.00),(1066,14,1066,12.00),(1067,14,1067,12.00),(1068,14,1068,12.00),(1069,14,1069,12.00),(1070,14,1070,12.00),(1071,14,1071,12.00),(1072,14,1072,12.00),(1073,14,1073,12.00),(1074,14,1074,12.00),(1075,14,1075,12.00),(1076,14,1076,12.00),(1077,14,1077,12.00),(1078,14,1078,12.00),(1079,14,1079,12.00),(1080,14,1080,12.00),(1081,14,1081,12.00),(1082,14,1082,12.00),(1083,14,1083,12.00),(1084,14,1084,12.00),(1085,14,1085,12.00),(1086,14,1086,12.00),(1087,14,1087,12.00),(1088,14,1088,12.00),(1089,14,1089,12.00),(1090,14,1090,12.00),(1091,14,1091,12.00),(1092,14,1092,12.00),(1093,14,1093,12.00),(1094,14,1094,12.00),(1095,14,1095,12.00),(1096,14,1096,12.00),(1097,14,1097,12.00),(1098,14,1098,12.00),(1099,14,1099,12.00),(1100,14,1100,12.00),(1101,14,1101,12.00),(1102,14,1102,12.00),(1103,14,1103,12.00),(1104,14,1104,12.00),(1105,14,1105,12.00),(1106,14,1106,12.00),(1107,14,1107,12.00),(1108,14,1108,12.00),(1109,14,1109,12.00),(1110,14,1110,12.00),(1111,14,1111,12.00),(1112,14,1112,12.00),(1113,14,1113,12.00),(1114,14,1114,12.00),(1115,14,1115,12.00),(1116,14,1116,12.00),(1117,14,1117,12.00),(1118,14,1118,12.00),(1119,14,1119,12.00),(1120,14,1120,12.00),(1121,15,1121,12.00),(1122,15,1122,12.00),(1123,15,1123,12.00),(1124,15,1124,12.00),(1125,15,1125,12.00),(1126,15,1126,12.00),(1127,15,1127,12.00),(1128,15,1128,12.00),(1129,15,1129,12.00),(1130,15,1130,12.00),(1131,15,1131,12.00),(1132,15,1132,12.00),(1133,15,1133,12.00),(1134,15,1134,12.00),(1135,15,1135,12.00),(1136,15,1136,12.00),(1137,15,1137,12.00),(1138,15,1138,12.00),(1139,15,1139,12.00),(1140,15,1140,12.00),(1141,15,1141,12.00),(1142,15,1142,12.00),(1143,15,1143,12.00),(1144,15,1144,12.00),(1145,15,1145,12.00),(1146,15,1146,12.00),(1147,15,1147,12.00),(1148,15,1148,12.00),(1149,15,1149,12.00),(1150,15,1150,12.00),(1151,15,1151,12.00),(1152,15,1152,12.00),(1153,15,1153,12.00),(1154,15,1154,12.00),(1155,15,1155,12.00),(1156,15,1156,12.00),(1157,15,1157,12.00),(1158,15,1158,12.00),(1159,15,1159,12.00),(1160,15,1160,12.00),(1161,15,1161,12.00),(1162,15,1162,12.00),(1163,15,1163,12.00),(1164,15,1164,12.00),(1165,15,1165,12.00),(1166,15,1166,12.00),(1167,15,1167,12.00),(1168,15,1168,12.00),(1169,15,1169,12.00),(1170,15,1170,12.00),(1171,15,1171,12.00),(1172,15,1172,12.00),(1173,15,1173,12.00),(1174,15,1174,12.00),(1175,15,1175,12.00),(1176,15,1176,12.00),(1177,15,1177,12.00),(1178,15,1178,12.00),(1179,15,1179,12.00),(1180,15,1180,12.00),(1181,15,1181,12.00),(1182,15,1182,12.00),(1183,15,1183,12.00),(1184,15,1184,12.00),(1185,15,1185,12.00),(1186,15,1186,12.00),(1187,15,1187,12.00),(1188,15,1188,12.00),(1189,15,1189,12.00),(1190,15,1190,12.00),(1191,15,1191,12.00),(1192,15,1192,12.00),(1193,15,1193,12.00),(1194,15,1194,12.00),(1195,15,1195,12.00),(1196,15,1196,12.00),(1197,15,1197,12.00),(1198,15,1198,12.00),(1199,15,1199,12.00),(1200,15,1200,12.00),(1201,16,1201,12.00),(1202,16,1202,12.00),(1203,16,1203,12.00),(1204,16,1204,12.00),(1205,16,1205,12.00),(1206,16,1206,12.00),(1207,16,1207,12.00),(1208,16,1208,12.00),(1209,16,1209,12.00),(1210,16,1210,12.00),(1211,16,1211,12.00),(1212,16,1212,12.00),(1213,16,1213,12.00),(1214,16,1214,12.00),(1215,16,1215,12.00),(1216,16,1216,12.00),(1217,16,1217,12.00),(1218,16,1218,12.00),(1219,16,1219,12.00),(1220,16,1220,12.00),(1221,16,1221,12.00),(1222,16,1222,12.00),(1223,16,1223,12.00),(1224,16,1224,12.00),(1225,16,1225,12.00),(1226,16,1226,12.00),(1227,16,1227,12.00),(1228,16,1228,12.00),(1229,16,1229,12.00),(1230,16,1230,12.00),(1231,16,1231,12.00),(1232,16,1232,12.00),(1233,16,1233,12.00),(1234,16,1234,12.00),(1235,16,1235,12.00),(1236,16,1236,12.00),(1237,16,1237,12.00),(1238,16,1238,12.00),(1239,16,1239,12.00),(1240,16,1240,12.00),(1241,16,1241,12.00),(1242,16,1242,12.00),(1243,16,1243,12.00),(1244,16,1244,12.00),(1245,16,1245,12.00),(1246,16,1246,12.00),(1247,16,1247,12.00),(1248,16,1248,12.00),(1249,16,1249,12.00),(1250,16,1250,12.00),(1251,16,1251,12.00),(1252,16,1252,12.00),(1253,16,1253,12.00),(1254,16,1254,12.00),(1255,16,1255,12.00),(1256,16,1256,12.00),(1257,16,1257,12.00),(1258,16,1258,12.00),(1259,16,1259,12.00),(1260,16,1260,12.00),(1261,16,1261,12.00),(1262,16,1262,12.00),(1263,16,1263,12.00),(1264,16,1264,12.00),(1265,16,1265,12.00),(1266,16,1266,12.00),(1267,16,1267,12.00),(1268,16,1268,12.00),(1269,16,1269,12.00),(1270,16,1270,12.00),(1271,16,1271,12.00),(1272,16,1272,12.00),(1273,16,1273,12.00),(1274,16,1274,12.00),(1275,16,1275,12.00),(1276,16,1276,12.00),(1277,16,1277,12.00),(1278,16,1278,12.00),(1279,16,1279,12.00),(1280,16,1280,12.00),(1281,17,1281,12.00),(1282,17,1282,12.00),(1283,17,1283,12.00),(1284,17,1284,12.00),(1285,17,1285,12.00),(1286,17,1286,12.00),(1287,17,1287,12.00),(1288,17,1288,12.00),(1289,17,1289,12.00),(1290,17,1290,12.00),(1291,17,1291,12.00),(1292,17,1292,12.00),(1293,17,1293,12.00),(1294,17,1294,12.00),(1295,17,1295,12.00),(1296,17,1296,12.00),(1297,17,1297,12.00),(1298,17,1298,12.00),(1299,17,1299,12.00),(1300,17,1300,12.00),(1301,17,1301,12.00),(1302,17,1302,12.00),(1303,17,1303,12.00),(1304,17,1304,12.00),(1305,17,1305,12.00),(1306,17,1306,12.00),(1307,17,1307,12.00),(1308,17,1308,12.00),(1309,17,1309,12.00),(1310,17,1310,12.00),(1311,17,1311,12.00),(1312,17,1312,12.00),(1313,17,1313,12.00),(1314,17,1314,12.00),(1315,17,1315,12.00),(1316,17,1316,12.00),(1317,17,1317,12.00),(1318,17,1318,12.00),(1319,17,1319,12.00),(1320,17,1320,12.00),(1321,17,1321,12.00),(1322,17,1322,12.00),(1323,17,1323,12.00),(1324,17,1324,12.00),(1325,17,1325,12.00),(1326,17,1326,12.00),(1327,17,1327,12.00),(1328,17,1328,12.00),(1329,17,1329,12.00),(1330,17,1330,12.00),(1331,17,1331,12.00),(1332,17,1332,12.00),(1333,17,1333,12.00),(1334,17,1334,12.00),(1335,17,1335,12.00),(1336,17,1336,12.00),(1337,17,1337,12.00),(1338,17,1338,12.00),(1339,17,1339,12.00),(1340,17,1340,12.00),(1341,17,1341,12.00),(1342,17,1342,12.00),(1343,17,1343,12.00),(1344,17,1344,12.00),(1345,17,1345,12.00),(1346,17,1346,12.00),(1347,17,1347,12.00),(1348,17,1348,12.00),(1349,17,1349,12.00),(1350,17,1350,12.00),(1351,17,1351,12.00),(1352,17,1352,12.00),(1353,17,1353,12.00),(1354,17,1354,12.00),(1355,17,1355,12.00),(1356,17,1356,12.00),(1357,17,1357,12.00),(1358,17,1358,12.00),(1359,17,1359,12.00),(1360,17,1360,12.00),(1361,18,1361,12.00),(1362,18,1362,12.00),(1363,18,1363,12.00),(1364,18,1364,12.00),(1365,18,1365,12.00),(1366,18,1366,12.00),(1367,18,1367,12.00),(1368,18,1368,12.00),(1369,18,1369,12.00),(1370,18,1370,12.00),(1371,18,1371,12.00),(1372,18,1372,12.00),(1373,18,1373,12.00),(1374,18,1374,12.00),(1375,18,1375,12.00),(1376,18,1376,12.00),(1377,18,1377,12.00),(1378,18,1378,12.00),(1379,18,1379,12.00),(1380,18,1380,12.00),(1381,18,1381,12.00),(1382,18,1382,12.00),(1383,18,1383,12.00),(1384,18,1384,12.00),(1385,18,1385,12.00),(1386,18,1386,12.00),(1387,18,1387,12.00),(1388,18,1388,12.00),(1389,18,1389,12.00),(1390,18,1390,12.00),(1391,18,1391,12.00),(1392,18,1392,12.00),(1393,18,1393,12.00),(1394,18,1394,12.00),(1395,18,1395,12.00),(1396,18,1396,12.00),(1397,18,1397,12.00),(1398,18,1398,12.00),(1399,18,1399,12.00),(1400,18,1400,12.00),(1401,18,1401,12.00),(1402,18,1402,12.00),(1403,18,1403,12.00),(1404,18,1404,12.00),(1405,18,1405,12.00),(1406,18,1406,12.00),(1407,18,1407,12.00),(1408,18,1408,12.00),(1409,18,1409,12.00),(1410,18,1410,12.00),(1411,18,1411,12.00),(1412,18,1412,12.00),(1413,18,1413,12.00),(1414,18,1414,12.00),(1415,18,1415,12.00),(1416,18,1416,12.00),(1417,18,1417,12.00),(1418,18,1418,12.00),(1419,18,1419,12.00),(1420,18,1420,12.00),(1421,18,1421,12.00),(1422,18,1422,12.00),(1423,18,1423,12.00),(1424,18,1424,12.00),(1425,18,1425,12.00),(1426,18,1426,12.00),(1427,18,1427,12.00),(1428,18,1428,12.00),(1429,18,1429,12.00),(1430,18,1430,12.00),(1431,18,1431,12.00),(1432,18,1432,12.00),(1433,18,1433,12.00),(1434,18,1434,12.00),(1435,18,1435,12.00),(1436,18,1436,12.00),(1437,18,1437,12.00),(1438,18,1438,12.00),(1439,18,1439,12.00),(1440,18,1440,12.00);
/*!40000 ALTER TABLE `tickets` ENABLE KEYS */;
UNLOCK TABLES;

--
-- Table structure for table `users`
--

DROP TABLE IF EXISTS `users`;
/*!40101 SET @saved_cs_client     = @@character_set_client */;
/*!50503 SET character_set_client = utf8mb4 */;
CREATE TABLE `users` (
  `id` int NOT NULL AUTO_INCREMENT,
  `password` varchar(255) DEFAULT NULL,
  `email` varchar(100) DEFAULT NULL,
  `firstname` varchar(255) NOT NULL,
  `lastname` varchar(255) NOT NULL,
  PRIMARY KEY (`id`)
) ENGINE=InnoDB AUTO_INCREMENT=6 DEFAULT CHARSET=utf8mb4 COLLATE=utf8mb4_general_ci;
/*!40101 SET character_set_client = @saved_cs_client */;

--
-- Dumping data for table `users`
--

LOCK TABLES `users` WRITE;
/*!40000 ALTER TABLE `users` DISABLE KEYS */;
INSERT INTO `users` VALUES (1,'$2y$10$4XIV0Vjdcv6TgnXU1YYZZuADFBd6WNnV4IqtXfqsbMeZSgao8de7i','youssefelnahal9@gmail.com','Youssef','ElNahal'),(2,'$2y$10$rfFkvnOada9n4/rDPf0GUOyEdLGYxOIQwoAmRjYsxRvCsLhmTVdAq','mahmoudkhaled@hotmail.com','mahmoud ','khaled  '),(3,'$2y$10$PhFF3..S6i7O4fwNnqWttuVGLAKegYcCg3nfBGpdTR2XmpX2.tv9y','mayarhany@gmail.com','mayar','hany'),(4,'$2y$10$9BU.6Kx0dIqCzFbFhyeA3u1lnJXiluGiQiP1o8t4TvieChWbEf0DC','mohamedbassem@gmail.com','Mohamed','Bassem');
/*!40000 ALTER TABLE `users` ENABLE KEYS */;
UNLOCK TABLES;
/*!40103 SET TIME_ZONE=@OLD_TIME_ZONE */;

/*!40101 SET SQL_MODE=@OLD_SQL_MODE */;
/*!40014 SET FOREIGN_KEY_CHECKS=@OLD_FOREIGN_KEY_CHECKS */;
/*!40014 SET UNIQUE_CHECKS=@OLD_UNIQUE_CHECKS */;
/*!40101 SET CHARACTER_SET_CLIENT=@OLD_CHARACTER_SET_CLIENT */;
/*!40101 SET CHARACTER_SET_RESULTS=@OLD_CHARACTER_SET_RESULTS */;
/*!40101 SET COLLATION_CONNECTION=@OLD_COLLATION_CONNECTION */;
/*!40111 SET SQL_NOTES=@OLD_SQL_NOTES */;

-- Dump completed on 2024-05-17 18:31:31
